name,type,value,date
长城,长城,1,2012.03.31
十三陵水库,十三陵水库,1,2012.03.31
怀柔水库,怀柔水库,1,2012.03.31
长城,长城,1,2012.06.30
十三陵水库,十三陵水库,1,2012.06.30
怀柔水库,怀柔水库,1,2012.06.30
香山,香山,1,2012.06.30
东方红隧道,东方红隧道,1,2012.06.30
潭柘寺戒台寺,潭柘寺戒台寺,1,2012.06.30
银山塔林,银山塔林,1,2012.06.30
长城,长城,2,2012.09.30
十三陵水库,十三陵水库,1,2012.09.30
怀柔水库,怀柔水库,1,2012.09.30
香山,香山,2,2012.09.30
东方红隧道,东方红隧道,1,2012.09.30
潭柘寺戒台寺,潭柘寺戒台寺,1,2012.09.30
银山塔林,银山塔林,1,2012.09.30
汉石桥湿地,汉石桥湿地,1,2012.09.30
后海,后海,1,2012.09.30
姚广孝墓塔,姚广孝墓塔,1,2012.09.30
妙峰山,妙峰山,1,2012.09.30
长城,长城,3,2012.12.31
十三陵水库,十三陵水库,1,2012.12.31
怀柔水库,怀柔水库,1,2012.12.31
香山,香山,3,2012.12.31
东方红隧道,东方红隧道,1,2012.12.31
潭柘寺戒台寺,潭柘寺戒台寺,1,2012.12.31
银山塔林,银山塔林,1,2012.12.31
汉石桥湿地,汉石桥湿地,1,2012.12.31
后海,后海,1,2012.12.31
姚广孝墓塔,姚广孝墓塔,1,2012.12.31
妙峰山,妙峰山,1,2012.12.31
白虎涧,白虎涧,1,2012.12.31
百望山,百望山,1,2012.12.31
京西古道,京西古道,1,2012.12.31
长城,长城,8,2013.03.30
十三陵水库,十三陵水库,3,2013.03.30
怀柔水库,怀柔水库,1,2013.03.30
香山,香山,4,2013.03.30
东方红隧道,东方红隧道,1,2013.03.30
潭柘寺戒台寺,潭柘寺戒台寺,1,2013.03.30
银山塔林,银山塔林,1,2013.03.30
汉石桥湿地,汉石桥湿地,1,2013.03.30
后海,后海,1,2013.03.30
姚广孝墓塔,姚广孝墓塔,1,2013.03.30
妙峰山,妙峰山,1,2013.03.30
白虎涧,白虎涧,1,2013.03.30
百望山,百望山,1,2013.03.30
京西古道,京西古道,1,2013.03.30
未名湖滑冰,未名湖滑冰,1,2013.03.30
中传博物馆,中传博物馆,1,2013.03.30
马云对话周星驰,马云对话周星驰,1,2013.03.30
白河峡谷,白河峡谷,1,2013.03.30
长城,长城,8,2013.06.30
十三陵水库,十三陵水库,3,2013.06.30
怀柔水库,怀柔水库,1,2013.06.30
香山,香山,5,2013.06.30
东方红隧道,东方红隧道,1,2013.06.30
潭柘寺戒台寺,潭柘寺戒台寺,1,2013.06.30
银山塔林,银山塔林,1,2013.06.30
汉石桥湿地,汉石桥湿地,1,2013.06.30
后海,后海,1,2013.06.30
姚广孝墓塔,姚广孝墓塔,1,2013.06.30
妙峰山,妙峰山,1,2013.06.30
白虎涧,白虎涧,1,2013.06.30
百望山,百望山,1,2013.06.30
京西古道,京西古道,1,2013.06.30
未名湖滑冰,未名湖滑冰,1,2013.06.30
中传博物馆,中传博物馆,1,2013.06.30
马云对话周星驰,马云对话周星驰,1,2013.06.30
白河峡谷,白河峡谷,1,2013.06.30
乾坤湾-壶口-西安,乾坤湾-壶口-西安,1,2013.06.30
北京—成都—拉萨,北京—成都—拉萨,1,2013.06.30
长城,长城,8,2013.09.30
十三陵水库,十三陵水库,3,2013.09.30
怀柔水库,怀柔水库,1,2013.09.30
香山,香山,6,2013.09.30
东方红隧道,东方红隧道,1,2013.09.30
潭柘寺戒台寺,潭柘寺戒台寺,1,2013.09.30
银山塔林,银山塔林,1,2013.09.30
汉石桥湿地,汉石桥湿地,1,2013.09.30
后海,后海,1,2013.09.30
姚广孝墓塔,姚广孝墓塔,1,2013.09.30
妙峰山,妙峰山,1,2013.09.30
白虎涧,白虎涧,1,2013.09.30
百望山,百望山,1,2013.09.30
京西古道,京西古道,2,2013.09.30
未名湖滑冰,未名湖滑冰,1,2013.09.30
中传博物馆,中传博物馆,1,2013.09.30
马云对话周星驰,马云对话周星驰,1,2013.09.30
白河峡谷,白河峡谷,1,2013.09.30
乾坤湾-壶口-西安,乾坤湾-壶口-西安,1,2013.09.30
北京—成都—拉萨,北京—成都—拉萨,1,2013.09.30
百花山,百花山,1,2013.09.30
黄草梁,黄草梁,1,2013.09.30
海坨,海坨,2,2013.09.30
水泉沟,水泉沟,1,2013.09.30
密云水库,密云水库,1,2013.09.30
雾灵山,雾灵山,1,2013.09.30
长城,长城,9,2013.12.31
十三陵水库,十三陵水库,3,2013.12.31
怀柔水库,怀柔水库,1,2013.12.31
香山,香山,6,2013.12.31
东方红隧道,东方红隧道,1,2013.12.31
潭柘寺戒台寺,潭柘寺戒台寺,1,2013.12.31
银山塔林,银山塔林,1,2013.12.31
汉石桥湿地,汉石桥湿地,1,2013.12.31
后海,后海,1,2013.12.31
姚广孝墓塔,姚广孝墓塔,1,2013.12.31
妙峰山,妙峰山,1,2013.12.31
白虎涧,白虎涧,1,2013.12.31
百望山,百望山,1,2013.12.31
京西古道,京西古道,2,2013.12.31
未名湖滑冰,未名湖滑冰,1,2013.12.31
中传博物馆,中传博物馆,1,2013.12.31
马云对话周星驰,马云对话周星驰,1,2013.12.31
白河峡谷,白河峡谷,1,2013.12.31
乾坤湾-壶口-西安,乾坤湾-壶口-西安,1,2013.12.31
北京—成都—拉萨,北京—成都—拉萨,1,2013.12.31
百花山,百花山,1,2013.12.31
黄草梁,黄草梁,2,2013.12.31
海坨,海坨,3,2013.12.31
水泉沟,水泉沟,1,2013.12.31
密云水库,密云水库,1,2013.12.31
雾灵山,雾灵山,1,2013.12.31
桃源仙谷,桃源仙谷,1,2013.12.31
燕羽山,燕羽山,1,2013.12.31
喀嚓古道,喀嚓古道,1,2013.12.31
阳台山-凤凰岭,阳台山-凤凰岭,1,2013.12.31
长城,长城,9,2014.03.31
十三陵水库,十三陵水库,3,2014.03.31
怀柔水库,怀柔水库,1,2014.03.31
香山,香山,6,2014.03.31
东方红隧道,东方红隧道,1,2014.03.31
潭柘寺戒台寺,潭柘寺戒台寺,1,2014.03.31
银山塔林,银山塔林,1,2014.03.31
汉石桥湿地,汉石桥湿地,1,2014.03.31
后海,后海,1,2014.03.31
姚广孝墓塔,姚广孝墓塔,1,2014.03.31
妙峰山,妙峰山,1,2014.03.31
白虎涧,白虎涧,1,2014.03.31
百望山,百望山,1,2014.03.31
京西古道,京西古道,2,2014.03.31
未名湖滑冰,未名湖滑冰,1,2014.03.31
中传博物馆,中传博物馆,1,2014.03.31
马云对话周星驰,马云对话周星驰,1,2014.03.31
白河峡谷,白河峡谷,1,2014.03.31
乾坤湾-壶口-西安,乾坤湾-壶口-西安,1,2014.03.31
北京—成都—拉萨,北京—成都—拉萨,1,2014.03.31
百花山,百花山,1,2014.03.31
黄草梁,黄草梁,2,2014.03.31
海坨,海坨,3,2014.03.31
水泉沟,水泉沟,2,2014.03.31
密云水库,密云水库,1,2014.03.31
雾灵山,雾灵山,1,2014.03.31
桃源仙谷,桃源仙谷,1,2014.03.31
燕羽山,燕羽山,1,2014.03.31
喀嚓古道,喀嚓古道,1,2014.03.31
阳台山-凤凰岭,阳台山-凤凰岭,1,2014.03.31
后河峡谷,后河峡谷,1,2014.03.31
梨花沟,梨花沟,1,2014.03.31
长城,长城,9,2014.06.30
十三陵水库,十三陵水库,3,2014.06.30
怀柔水库,怀柔水库,1,2014.06.30
香山,香山,6,2014.06.30
东方红隧道,东方红隧道,2,2014.06.30
潭柘寺戒台寺,潭柘寺戒台寺,1,2014.06.30
银山塔林,银山塔林,1,2014.06.30
汉石桥湿地,汉石桥湿地,1,2014.06.30
后海,后海,1,2014.06.30
姚广孝墓塔,姚广孝墓塔,1,2014.06.30
妙峰山,妙峰山,2,2014.06.30
白虎涧,白虎涧,1,2014.06.30
百望山,百望山,1,2014.06.30
京西古道,京西古道,2,2014.06.30
未名湖滑冰,未名湖滑冰,1,2014.06.30
中传博物馆,中传博物馆,1,2014.06.30
马云对话周星驰,马云对话周星驰,1,2014.06.30
白河峡谷,白河峡谷,1,2014.06.30
乾坤湾-壶口-西安,乾坤湾-壶口-西安,1,2014.06.30
北京—成都—拉萨,北京—成都—拉萨,1,2014.06.30
百花山,百花山,1,2014.06.30
黄草梁,黄草梁,2,2014.06.30
海坨,海坨,3,2014.06.30
水泉沟,水泉沟,2,2014.06.30
密云水库,密云水库,1,2014.06.30
雾灵山,雾灵山,1,2014.06.30
桃源仙谷,桃源仙谷,1,2014.06.30
燕羽山,燕羽山,1,2014.06.30
喀嚓古道,喀嚓古道,1,2014.06.30
阳台山-凤凰岭,阳台山-凤凰岭,1,2014.06.30
后河峡谷,后河峡谷,1,2014.06.30
梨花沟,梨花沟,1,2014.06.30
长岛,长岛,1,2014.06.30
锡林郭勒,锡林郭勒,1,2014.06.30
长城,长城,9,2014.09.30
十三陵水库,十三陵水库,3,2014.09.30
怀柔水库,怀柔水库,1,2014.09.30
香山,香山,6,2014.09.30
东方红隧道,东方红隧道,2,2014.09.30
潭柘寺戒台寺,潭柘寺戒台寺,1,2014.09.30
银山塔林,银山塔林,1,2014.09.30
汉石桥湿地,汉石桥湿地,1,2014.09.30
后海,后海,1,2014.09.30
姚广孝墓塔,姚广孝墓塔,1,2014.09.30
妙峰山,妙峰山,2,2014.09.30
白虎涧,白虎涧,1,2014.09.30
百望山,百望山,1,2014.09.30
京西古道,京西古道,2,2014.09.30
未名湖滑冰,未名湖滑冰,1,2014.09.30
中传博物馆,中传博物馆,1,2014.09.30
马云对话周星驰,马云对话周星驰,1,2014.09.30
白河峡谷,白河峡谷,1,2014.09.30
乾坤湾-壶口-西安,乾坤湾-壶口-西安,1,2014.09.30
北京—成都—拉萨,北京—成都—拉萨,1,2014.09.30
百花山,百花山,1,2014.09.30
黄草梁,黄草梁,2,2014.09.30
海坨,海坨,4,2014.09.30
水泉沟,水泉沟,2,2014.09.30
密云水库,密云水库,1,2014.09.30
雾灵山,雾灵山,1,2014.09.30
桃源仙谷,桃源仙谷,1,2014.09.30
燕羽山,燕羽山,1,2014.09.30
喀嚓古道,喀嚓古道,1,2014.09.30
阳台山-凤凰岭,阳台山-凤凰岭,1,2014.09.30
后河峡谷,后河峡谷,1,2014.09.30
梨花沟,梨花沟,1,2014.09.30
长岛,长岛,1,2014.09.30
锡林郭勒,锡林郭勒,1,2014.09.30
灵山,灵山,1,2014.09.30
长城,长城,10,2014.12.31
十三陵水库,十三陵水库,3,2014.12.31
怀柔水库,怀柔水库,1,2014.12.31
香山,香山,6,2014.12.31
东方红隧道,东方红隧道,2,2014.12.31
潭柘寺戒台寺,潭柘寺戒台寺,1,2014.12.31
银山塔林,银山塔林,1,2014.12.31
汉石桥湿地,汉石桥湿地,1,2014.12.31
后海,后海,1,2014.12.31
姚广孝墓塔,姚广孝墓塔,1,2014.12.31
妙峰山,妙峰山,2,2014.12.31
白虎涧,白虎涧,1,2014.12.31
百望山,百望山,1,2014.12.31
京西古道,京西古道,3,2014.12.31
未名湖滑冰,未名湖滑冰,1,2014.12.31
中传博物馆,中传博物馆,1,2014.12.31
马云对话周星驰,马云对话周星驰,1,2014.12.31
白河峡谷,白河峡谷,1,2014.12.31
乾坤湾-壶口-西安,乾坤湾-壶口-西安,1,2014.12.31
北京—成都—拉萨,北京—成都—拉萨,1,2014.12.31
百花山,百花山,1,2014.12.31
黄草梁,黄草梁,2,2014.12.31
海坨,海坨,4,2014.12.31
水泉沟,水泉沟,2,2014.12.31
密云水库,密云水库,1,2014.12.31
雾灵山,雾灵山,1,2014.12.31
桃源仙谷,桃源仙谷,1,2014.12.31
燕羽山,燕羽山,1,2014.12.31
喀嚓古道,喀嚓古道,1,2014.12.31
阳台山-凤凰岭,阳台山-凤凰岭,1,2014.12.31
后河峡谷,后河峡谷,1,2014.12.31
梨花沟,梨花沟,1,2014.12.31
长岛,长岛,1,2014.12.31
锡林郭勒,锡林郭勒,1,2014.12.31
灵山,灵山,1,2014.12.31
行百里者剩九十,行百里者剩九十,1,2014.12.31
白石山玻璃栈道,白石山玻璃栈道,1,2014.12.31
长城,长城,10,2015.03.31
十三陵水库,十三陵水库,3,2015.03.31
怀柔水库,怀柔水库,1,2015.03.31
香山,香山,7,2015.03.31
东方红隧道,东方红隧道,2,2015.03.31
潭柘寺戒台寺,潭柘寺戒台寺,1,2015.03.31
银山塔林,银山塔林,1,2015.03.31
汉石桥湿地,汉石桥湿地,1,2015.03.31
后海,后海,1,2015.03.31
姚广孝墓塔,姚广孝墓塔,1,2015.03.31
妙峰山,妙峰山,2,2015.03.31
白虎涧,白虎涧,1,2015.03.31
百望山,百望山,1,2015.03.31
京西古道,京西古道,3,2015.03.31
未名湖滑冰,未名湖滑冰,1,2015.03.31
中传博物馆,中传博物馆,1,2015.03.31
马云对话周星驰,马云对话周星驰,1,2015.03.31
白河峡谷,白河峡谷,1,2015.03.31
乾坤湾-壶口-西安,乾坤湾-壶口-西安,1,2015.03.31
北京—成都—拉萨,北京—成都—拉萨,1,2015.03.31
百花山,百花山,1,2015.03.31
黄草梁,黄草梁,2,2015.03.31
海坨,海坨,4,2015.03.31
水泉沟,水泉沟,2,2015.03.31
密云水库,密云水库,1,2015.03.31
雾灵山,雾灵山,1,2015.03.31
桃源仙谷,桃源仙谷,1,2015.03.31
燕羽山,燕羽山,1,2015.03.31
喀嚓古道,喀嚓古道,1,2015.03.31
阳台山-凤凰岭,阳台山-凤凰岭,1,2015.03.31
后河峡谷,后河峡谷,1,2015.03.31
梨花沟,梨花沟,1,2015.03.31
长岛,长岛,1,2015.03.31
锡林郭勒,锡林郭勒,1,2015.03.31
灵山,灵山,1,2015.03.31
行百里者剩九十,行百里者剩九十,1,2015.03.31
白石山玻璃栈道,白石山玻璃栈道,1,2015.03.31
长城,长城,11,2015.06.30
十三陵水库,十三陵水库,3,2015.06.30
怀柔水库,怀柔水库,1,2015.06.30
香山,香山,7,2015.06.30
东方红隧道,东方红隧道,2,2015.06.30
潭柘寺戒台寺,潭柘寺戒台寺,1,2015.06.30
银山塔林,银山塔林,1,2015.06.30
汉石桥湿地,汉石桥湿地,1,2015.06.30
后海,后海,1,2015.06.30
姚广孝墓塔,姚广孝墓塔,1,2015.06.30
妙峰山,妙峰山,2,2015.06.30
白虎涧,白虎涧,1,2015.06.30
百望山,百望山,1,2015.06.30
京西古道,京西古道,3,2015.06.30
未名湖滑冰,未名湖滑冰,1,2015.06.30
中传博物馆,中传博物馆,1,2015.06.30
马云对话周星驰,马云对话周星驰,1,2015.06.30
白河峡谷,白河峡谷,1,2015.06.30
乾坤湾-壶口-西安,乾坤湾-壶口-西安,1,2015.06.30
北京—成都—拉萨,北京—成都—拉萨,1,2015.06.30
百花山,百花山,1,2015.06.30
黄草梁,黄草梁,2,2015.06.30
海坨,海坨,4,2015.06.30
水泉沟,水泉沟,2,2015.06.30
密云水库,密云水库,1,2015.06.30
雾灵山,雾灵山,1,2015.06.30
桃源仙谷,桃源仙谷,1,2015.06.30
燕羽山,燕羽山,1,2015.06.30
喀嚓古道,喀嚓古道,1,2015.06.30
阳台山-凤凰岭,阳台山-凤凰岭,1,2015.06.30
后河峡谷,后河峡谷,1,2015.06.30
梨花沟,梨花沟,1,2015.06.30
长岛,长岛,1,2015.06.30
锡林郭勒,锡林郭勒,1,2015.06.30
灵山,灵山,1,2015.06.30
行百里者剩九十,行百里者剩九十,1,2015.06.30
白石山玻璃栈道,白石山玻璃栈道,1,2015.06.30
长城,长城,12,2015.09.30
十三陵水库,十三陵水库,3,2015.09.30
怀柔水库,怀柔水库,1,2015.09.30
香山,香山,9,2015.09.30
东方红隧道,东方红隧道,2,2015.09.30
潭柘寺戒台寺,潭柘寺戒台寺,1,2015.09.30
银山塔林,银山塔林,1,2015.09.30
汉石桥湿地,汉石桥湿地,1,2015.09.30
后海,后海,1,2015.09.30
姚广孝墓塔,姚广孝墓塔,1,2015.09.30
妙峰山,妙峰山,2,2015.09.30
白虎涧,白虎涧,1,2015.09.30
百望山,百望山,1,2015.09.30
京西古道,京西古道,3,2015.09.30
未名湖滑冰,未名湖滑冰,1,2015.09.30
中传博物馆,中传博物馆,1,2015.09.30
马云对话周星驰,马云对话周星驰,1,2015.09.30
白河峡谷,白河峡谷,1,2015.09.30
乾坤湾-壶口-西安,乾坤湾-壶口-西安,1,2015.09.30
北京—成都—拉萨,北京—成都—拉萨,1,2015.09.30
百花山,百花山,1,2015.09.30
黄草梁,黄草梁,2,2015.09.30
海坨,海坨,4,2015.09.30
水泉沟,水泉沟,2,2015.09.30
密云水库,密云水库,1,2015.09.30
雾灵山,雾灵山,1,2015.09.30
桃源仙谷,桃源仙谷,1,2015.09.30
燕羽山,燕羽山,1,2015.09.30
喀嚓古道,喀嚓古道,1,2015.09.30
阳台山-凤凰岭,阳台山-凤凰岭,1,2015.09.30
后河峡谷,后河峡谷,1,2015.09.30
梨花沟,梨花沟,1,2015.09.30
长岛,长岛,1,2015.09.30
锡林郭勒,锡林郭勒,1,2015.09.30
灵山,灵山,1,2015.09.30
行百里者剩九十,行百里者剩九十,1,2015.09.30
白石山玻璃栈道,白石山玻璃栈道,1,2015.09.30
青龙峡,青龙峡,1,2015.09.30
泰山,泰山,1,2015.09.30
草原天路,草原天路,1,2015.09.30
龙泉寺,龙泉寺,1,2015.09.30
西北行,西北行,1,2015.09.30
长城,长城,15,2015.12.31
十三陵水库,十三陵水库,3,2015.12.31
怀柔水库,怀柔水库,1,2015.12.31
香山,香山,10,2015.12.31
东方红隧道,东方红隧道,2,2015.12.31
潭柘寺戒台寺,潭柘寺戒台寺,1,2015.12.31
银山塔林,银山塔林,1,2015.12.31
汉石桥湿地,汉石桥湿地,1,2015.12.31
后海,后海,1,2015.12.31
姚广孝墓塔,姚广孝墓塔,1,2015.12.31
妙峰山,妙峰山,2,2015.12.31
白虎涧,白虎涧,1,2015.12.31
百望山,百望山,1,2015.12.31
京西古道,京西古道,3,2015.12.31
未名湖滑冰,未名湖滑冰,1,2015.12.31
中传博物馆,中传博物馆,1,2015.12.31
马云对话周星驰,马云对话周星驰,1,2015.12.31
白河峡谷,白河峡谷,1,2015.12.31
乾坤湾-壶口-西安,乾坤湾-壶口-西安,1,2015.12.31
北京—成都—拉萨,北京—成都—拉萨,1,2015.12.31
百花山,百花山,1,2015.12.31
黄草梁,黄草梁,2,2015.12.31
海坨,海坨,4,2015.12.31
水泉沟,水泉沟,2,2015.12.31
密云水库,密云水库,1,2015.12.31
雾灵山,雾灵山,1,2015.12.31
桃源仙谷,桃源仙谷,1,2015.12.31
燕羽山,燕羽山,1,2015.12.31
喀嚓古道,喀嚓古道,1,2015.12.31
阳台山-凤凰岭,阳台山-凤凰岭,1,2015.12.31
后河峡谷,后河峡谷,1,2015.12.31
梨花沟,梨花沟,1,2015.12.31
长岛,长岛,1,2015.12.31
锡林郭勒,锡林郭勒,1,2015.12.31
灵山,灵山,1,2015.12.31
行百里者剩九十,行百里者剩九十,1,2015.12.31
白石山玻璃栈道,白石山玻璃栈道,1,2015.12.31
青龙峡,青龙峡,1,2015.12.31
泰山,泰山,1,2015.12.31
草原天路,草原天路,1,2015.12.31
龙泉寺,龙泉寺,1,2015.12.31
西北行,西北行,1,2015.12.31
滑雪,滑雪,1,2015.12.31
大五台,大五台,1,2015.12.31
长城,长城,16,2016.03.31
十三陵水库,十三陵水库,3,2016.03.31
怀柔水库,怀柔水库,1,2016.03.31
香山,香山,11,2016.03.31
东方红隧道,东方红隧道,2,2016.03.31
潭柘寺戒台寺,潭柘寺戒台寺,1,2016.03.31
银山塔林,银山塔林,1,2016.03.31
汉石桥湿地,汉石桥湿地,1,2016.03.31
后海,后海,1,2016.03.31
姚广孝墓塔,姚广孝墓塔,1,2016.03.31
妙峰山,妙峰山,2,2016.03.31
白虎涧,白虎涧,1,2016.03.31
百望山,百望山,1,2016.03.31
京西古道,京西古道,5,2016.03.31
未名湖滑冰,未名湖滑冰,2,2016.03.31
中传博物馆,中传博物馆,1,2016.03.31
马云对话周星驰,马云对话周星驰,1,2016.03.31
白河峡谷,白河峡谷,2,2016.03.31
乾坤湾-壶口-西安,乾坤湾-壶口-西安,1,2016.03.31
北京—成都—拉萨,北京—成都—拉萨,1,2016.03.31
百花山,百花山,1,2016.03.31
黄草梁,黄草梁,2,2016.03.31
海坨,海坨,4,2016.03.31
水泉沟,水泉沟,2,2016.03.31
密云水库,密云水库,1,2016.03.31
雾灵山,雾灵山,1,2016.03.31
桃源仙谷,桃源仙谷,1,2016.03.31
燕羽山,燕羽山,1,2016.03.31
喀嚓古道,喀嚓古道,1,2016.03.31
阳台山-凤凰岭,阳台山-凤凰岭,1,2016.03.31
后河峡谷,后河峡谷,1,2016.03.31
梨花沟,梨花沟,1,2016.03.31
长岛,长岛,1,2016.03.31
锡林郭勒,锡林郭勒,1,2016.03.31
灵山,灵山,1,2016.03.31
行百里者剩九十,行百里者剩九十,1,2016.03.31
白石山玻璃栈道,白石山玻璃栈道,1,2016.03.31
青龙峡,青龙峡,1,2016.03.31
泰山,泰山,1,2016.03.31
草原天路,草原天路,1,2016.03.31
龙泉寺,龙泉寺,2,2016.03.31
西北行,西北行,1,2016.03.31
滑雪,滑雪,1,2016.03.31
大五台,大五台,1,2016.03.31
长城,长城,17,2016.06.30
十三陵水库,十三陵水库,3,2016.06.30
怀柔水库,怀柔水库,1,2016.06.30
香山,香山,11,2016.06.30
东方红隧道,东方红隧道,2,2016.06.30
潭柘寺戒台寺,潭柘寺戒台寺,1,2016.06.30
银山塔林,银山塔林,1,2016.06.30
汉石桥湿地,汉石桥湿地,1,2016.06.30
后海,后海,1,2016.06.30
姚广孝墓塔,姚广孝墓塔,1,2016.06.30
妙峰山,妙峰山,2,2016.06.30
白虎涧,白虎涧,1,2016.06.30
百望山,百望山,1,2016.06.30
京西古道,京西古道,5,2016.06.30
未名湖滑冰,未名湖滑冰,2,2016.06.30
中传博物馆,中传博物馆,1,2016.06.30
马云对话周星驰,马云对话周星驰,1,2016.06.30
白河峡谷,白河峡谷,2,2016.06.30
乾坤湾-壶口-西安,乾坤湾-壶口-西安,1,2016.06.30
北京—成都—拉萨,北京—成都—拉萨,1,2016.06.30
百花山,百花山,1,2016.06.30
黄草梁,黄草梁,2,2016.06.30
海坨,海坨,4,2016.06.30
水泉沟,水泉沟,2,2016.06.30
密云水库,密云水库,1,2016.06.30
雾灵山,雾灵山,1,2016.06.30
桃源仙谷,桃源仙谷,1,2016.06.30
燕羽山,燕羽山,1,2016.06.30
喀嚓古道,喀嚓古道,1,2016.06.30
阳台山-凤凰岭,阳台山-凤凰岭,1,2016.06.30
后河峡谷,后河峡谷,1,2016.06.30
梨花沟,梨花沟,1,2016.06.30
长岛,长岛,1,2016.06.30
锡林郭勒,锡林郭勒,1,2016.06.30
灵山,灵山,1,2016.06.30
行百里者剩九十,行百里者剩九十,1,2016.06.30
白石山玻璃栈道,白石山玻璃栈道,1,2016.06.30
青龙峡,青龙峡,1,2016.06.30
泰山,泰山,1,2016.06.30
草原天路,草原天路,1,2016.06.30
龙泉寺,龙泉寺,2,2016.06.30
西北行,西北行,1,2016.06.30
滑雪,滑雪,1,2016.06.30
大五台,大五台,2,2016.06.30
库布齐,库布齐,1,2016.06.30
十渡,十渡,1,2016.06.30
漠河丹东,漠河丹东,1,2016.06.30
长城,长城,17,2016.09.30
十三陵水库,十三陵水库,3,2016.09.30
怀柔水库,怀柔水库,1,2016.09.30
香山,香山,13,2016.09.30
东方红隧道,东方红隧道,2,2016.09.30
潭柘寺戒台寺,潭柘寺戒台寺,1,2016.09.30
银山塔林,银山塔林,1,2016.09.30
汉石桥湿地,汉石桥湿地,1,2016.09.30
后海,后海,1,2016.09.30
姚广孝墓塔,姚广孝墓塔,1,2016.09.30
妙峰山,妙峰山,2,2016.09.30
白虎涧,白虎涧,1,2016.09.30
百望山,百望山,1,2016.09.30
京西古道,京西古道,6,2016.09.30
未名湖滑冰,未名湖滑冰,2,2016.09.30
中传博物馆,中传博物馆,1,2016.09.30
马云对话周星驰,马云对话周星驰,1,2016.09.30
白河峡谷,白河峡谷,3,2016.09.30
乾坤湾-壶口-西安,乾坤湾-壶口-西安,1,2016.09.30
北京—成都—拉萨,北京—成都—拉萨,1,2016.09.30
百花山,百花山,1,2016.09.30
黄草梁,黄草梁,2,2016.09.30
海坨,海坨,5,2016.09.30
水泉沟,水泉沟,2,2016.09.30
密云水库,密云水库,1,2016.09.30
雾灵山,雾灵山,1,2016.09.30
桃源仙谷,桃源仙谷,1,2016.09.30
燕羽山,燕羽山,1,2016.09.30
喀嚓古道,喀嚓古道,1,2016.09.30
阳台山-凤凰岭,阳台山-凤凰岭,1,2016.09.30
后河峡谷,后河峡谷,1,2016.09.30
梨花沟,梨花沟,1,2016.09.30
长岛,长岛,1,2016.09.30
锡林郭勒,锡林郭勒,1,2016.09.30
灵山,灵山,1,2016.09.30
行百里者剩九十,行百里者剩九十,1,2016.09.30
白石山玻璃栈道,白石山玻璃栈道,1,2016.09.30
青龙峡,青龙峡,1,2016.09.30
泰山,泰山,1,2016.09.30
草原天路,草原天路,1,2016.09.30
龙泉寺,龙泉寺,2,2016.09.30
西北行,西北行,1,2016.09.30
滑雪,滑雪,1,2016.09.30
大五台,大五台,2,2016.09.30
库布齐,库布齐,1,2016.09.30
十渡,十渡,1,2016.09.30
漠河丹东,漠河丹东,1,2016.09.30
玉渡山,玉渡山,1,2016.09.30
盛夏雨夜独行刷二环,盛夏雨夜独行刷二环,1,2016.09.30
善行50,善行50,1,2016.09.30
哈巴雪山,哈巴雪山,1,2016.09.30
长城,长城,18,2016.12.31
十三陵水库,十三陵水库,3,2016.12.31
怀柔水库,怀柔水库,1,2016.12.31
香山,香山,14,2016.12.31
东方红隧道,东方红隧道,2,2016.12.31
潭柘寺戒台寺,潭柘寺戒台寺,1,2016.12.31
银山塔林,银山塔林,1,2016.12.31
汉石桥湿地,汉石桥湿地,1,2016.12.31
后海,后海,1,2016.12.31
姚广孝墓塔,姚广孝墓塔,1,2016.12.31
妙峰山,妙峰山,2,2016.12.31
白虎涧,白虎涧,1,2016.12.31
百望山,百望山,1,2016.12.31
京西古道,京西古道,6,2016.12.31
未名湖滑冰,未名湖滑冰,2,2016.12.31
中传博物馆,中传博物馆,1,2016.12.31
马云对话周星驰,马云对话周星驰,1,2016.12.31
白河峡谷,白河峡谷,3,2016.12.31
乾坤湾-壶口-西安,乾坤湾-壶口-西安,1,2016.12.31
北京—成都—拉萨,北京—成都—拉萨,1,2016.12.31
百花山,百花山,1,2016.12.31
黄草梁,黄草梁,2,2016.12.31
海坨,海坨,5,2016.12.31
水泉沟,水泉沟,2,2016.12.31
密云水库,密云水库,1,2016.12.31
雾灵山,雾灵山,1,2016.12.31
桃源仙谷,桃源仙谷,1,2016.12.31
燕羽山,燕羽山,1,2016.12.31
喀嚓古道,喀嚓古道,1,2016.12.31
阳台山-凤凰岭,阳台山-凤凰岭,1,2016.12.31
后河峡谷,后河峡谷,1,2016.12.31
梨花沟,梨花沟,1,2016.12.31
长岛,长岛,1,2016.12.31
锡林郭勒,锡林郭勒,1,2016.12.31
灵山,灵山,1,2016.12.31
行百里者剩九十,行百里者剩九十,1,2016.12.31
白石山玻璃栈道,白石山玻璃栈道,1,2016.12.31
青龙峡,青龙峡,1,2016.12.31
泰山,泰山,1,2016.12.31
草原天路,草原天路,1,2016.12.31
龙泉寺,龙泉寺,2,2016.12.31
西北行,西北行,1,2016.12.31
滑雪,滑雪,2,2016.12.31
大五台,大五台,3,2016.12.31
库布齐,库布齐,1,2016.12.31
十渡,十渡,1,2016.12.31
漠河丹东,漠河丹东,1,2016.12.31
玉渡山,玉渡山,1,2016.12.31
盛夏雨夜独行刷二环,盛夏雨夜独行刷二环,1,2016.12.31
善行50,善行50,1,2016.12.31
哈巴雪山,哈巴雪山,1,2016.12.31
恒山悬空寺云冈石窟,恒山悬空寺云冈石窟,1,2016.12.31
长城,长城,18,2017.03.31
十三陵水库,十三陵水库,3,2017.03.31
怀柔水库,怀柔水库,1,2017.03.31
香山,香山,20,2017.03.31
东方红隧道,东方红隧道,2,2017.03.31
潭柘寺戒台寺,潭柘寺戒台寺,1,2017.03.31
银山塔林,银山塔林,1,2017.03.31
汉石桥湿地,汉石桥湿地,1,2017.03.31
后海,后海,1,2017.03.31
姚广孝墓塔,姚广孝墓塔,1,2017.03.31
妙峰山,妙峰山,2,2017.03.31
白虎涧,白虎涧,1,2017.03.31
百望山,百望山,1,2017.03.31
京西古道,京西古道,7,2017.03.31
未名湖滑冰,未名湖滑冰,2,2017.03.31
中传博物馆,中传博物馆,1,2017.03.31
马云对话周星驰,马云对话周星驰,1,2017.03.31
白河峡谷,白河峡谷,3,2017.03.31
乾坤湾-壶口-西安,乾坤湾-壶口-西安,1,2017.03.31
北京—成都—拉萨,北京—成都—拉萨,1,2017.03.31
百花山,百花山,1,2017.03.31
黄草梁,黄草梁,2,2017.03.31
海坨,海坨,5,2017.03.31
水泉沟,水泉沟,2,2017.03.31
密云水库,密云水库,1,2017.03.31
雾灵山,雾灵山,1,2017.03.31
桃源仙谷,桃源仙谷,1,2017.03.31
燕羽山,燕羽山,1,2017.03.31
喀嚓古道,喀嚓古道,1,2017.03.31
阳台山-凤凰岭,阳台山-凤凰岭,1,2017.03.31
后河峡谷,后河峡谷,1,2017.03.31
梨花沟,梨花沟,1,2017.03.31
长岛,长岛,1,2017.03.31
锡林郭勒,锡林郭勒,1,2017.03.31
灵山,灵山,1,2017.03.31
行百里者剩九十,行百里者剩九十,1,2017.03.31
白石山玻璃栈道,白石山玻璃栈道,1,2017.03.31
青龙峡,青龙峡,1,2017.03.31
泰山,泰山,1,2017.03.31
草原天路,草原天路,1,2017.03.31
龙泉寺,龙泉寺,2,2017.03.31
西北行,西北行,1,2017.03.31
滑雪,滑雪,2,2017.03.31
大五台,大五台,3,2017.03.31
库布齐,库布齐,1,2017.03.31
十渡,十渡,1,2017.03.31
漠河丹东,漠河丹东,1,2017.03.31
玉渡山,玉渡山,1,2017.03.31
盛夏雨夜独行刷二环,盛夏雨夜独行刷二环,1,2017.03.31
善行50,善行50,1,2017.03.31
哈巴雪山,哈巴雪山,1,2017.03.31
恒山悬空寺云冈石窟,恒山悬空寺云冈石窟,1,2017.03.31
婺源,婺源,1,2017.03.31
长城,长城,19,2017.06.30
十三陵水库,十三陵水库,3,2017.06.30
怀柔水库,怀柔水库,1,2017.06.30
香山,香山,21,2017.06.30
东方红隧道,东方红隧道,2,2017.06.30
潭柘寺戒台寺,潭柘寺戒台寺,1,2017.06.30
银山塔林,银山塔林,1,2017.06.30
汉石桥湿地,汉石桥湿地,1,2017.06.30
后海,后海,1,2017.06.30
姚广孝墓塔,姚广孝墓塔,1,2017.06.30
妙峰山,妙峰山,3,2017.06.30
白虎涧,白虎涧,1,2017.06.30
百望山,百望山,1,2017.06.30
京西古道,京西古道,7,2017.06.30
未名湖滑冰,未名湖滑冰,2,2017.06.30
中传博物馆,中传博物馆,1,2017.06.30
马云对话周星驰,马云对话周星驰,1,2017.06.30
白河峡谷,白河峡谷,4,2017.06.30
乾坤湾-壶口-西安,乾坤湾-壶口-西安,1,2017.06.30
北京—成都—拉萨,北京—成都—拉萨,1,2017.06.30
百花山,百花山,1,2017.06.30
黄草梁,黄草梁,2,2017.06.30
海坨,海坨,5,2017.06.30
水泉沟,水泉沟,2,2017.06.30
密云水库,密云水库,1,2017.06.30
雾灵山,雾灵山,1,2017.06.30
桃源仙谷,桃源仙谷,1,2017.06.30
燕羽山,燕羽山,1,2017.06.30
喀嚓古道,喀嚓古道,1,2017.06.30
阳台山-凤凰岭,阳台山-凤凰岭,1,2017.06.30
后河峡谷,后河峡谷,1,2017.06.30
梨花沟,梨花沟,1,2017.06.30
长岛,长岛,1,2017.06.30
锡林郭勒,锡林郭勒,1,2017.06.30
灵山,灵山,1,2017.06.30
行百里者剩九十,行百里者剩九十,1,2017.06.30
白石山玻璃栈道,白石山玻璃栈道,1,2017.06.30
青龙峡,青龙峡,1,2017.06.30
泰山,泰山,1,2017.06.30
草原天路,草原天路,1,2017.06.30
龙泉寺,龙泉寺,2,2017.06.30
西北行,西北行,1,2017.06.30
滑雪,滑雪,2,2017.06.30
大五台,大五台,3,2017.06.30
库布齐,库布齐,1,2017.06.30
十渡,十渡,1,2017.06.30
漠河丹东,漠河丹东,1,2017.06.30
玉渡山,玉渡山,1,2017.06.30
盛夏雨夜独行刷二环,盛夏雨夜独行刷二环,1,2017.06.30
善行50,善行50,1,2017.06.30
哈巴雪山,哈巴雪山,1,2017.06.30
恒山悬空寺云冈石窟,恒山悬空寺云冈石窟,1,2017.06.30
婺源,婺源,1,2017.06.30
永定河露营,永定河露营,1,2017.06.30
长城,长城,20,2017.09.30
十三陵水库,十三陵水库,3,2017.09.30
怀柔水库,怀柔水库,1,2017.09.30
香山,香山,21,2017.09.30
东方红隧道,东方红隧道,2,2017.09.30
潭柘寺戒台寺,潭柘寺戒台寺,1,2017.09.30
银山塔林,银山塔林,1,2017.09.30
汉石桥湿地,汉石桥湿地,1,2017.09.30
后海,后海,1,2017.09.30
姚广孝墓塔,姚广孝墓塔,1,2017.09.30
妙峰山,妙峰山,3,2017.09.30
白虎涧,白虎涧,1,2017.09.30
百望山,百望山,1,2017.09.30
京西古道,京西古道,7,2017.09.30
未名湖滑冰,未名湖滑冰,2,2017.09.30
中传博物馆,中传博物馆,1,2017.09.30
马云对话周星驰,马云对话周星驰,1,2017.09.30
白河峡谷,白河峡谷,4,2017.09.30
乾坤湾-壶口-西安,乾坤湾-壶口-西安,1,2017.09.30
北京—成都—拉萨,北京—成都—拉萨,1,2017.09.30
百花山,百花山,1,2017.09.30
黄草梁,黄草梁,2,2017.09.30
海坨,海坨,5,2017.09.30
水泉沟,水泉沟,2,2017.09.30
密云水库,密云水库,1,2017.09.30
雾灵山,雾灵山,1,2017.09.30
桃源仙谷,桃源仙谷,1,2017.09.30
燕羽山,燕羽山,1,2017.09.30
喀嚓古道,喀嚓古道,1,2017.09.30
阳台山-凤凰岭,阳台山-凤凰岭,1,2017.09.30
后河峡谷,后河峡谷,1,2017.09.30
梨花沟,梨花沟,1,2017.09.30
长岛,长岛,1,2017.09.30
锡林郭勒,锡林郭勒,1,2017.09.30
灵山,灵山,1,2017.09.30
行百里者剩九十,行百里者剩九十,1,2017.09.30
白石山玻璃栈道,白石山玻璃栈道,1,2017.09.30
青龙峡,青龙峡,1,2017.09.30
泰山,泰山,1,2017.09.30
草原天路,草原天路,1,2017.09.30
龙泉寺,龙泉寺,2,2017.09.30
西北行,西北行,1,2017.09.30
滑雪,滑雪,2,2017.09.30
大五台,大五台,3,2017.09.30
库布齐,库布齐,1,2017.09.30
十渡,十渡,1,2017.09.30
漠河丹东,漠河丹东,1,2017.09.30
玉渡山,玉渡山,1,2017.09.30
盛夏雨夜独行刷二环,盛夏雨夜独行刷二环,1,2017.09.30
善行50,善行50,1,2017.09.30
哈巴雪山,哈巴雪山,1,2017.09.30
恒山悬空寺云冈石窟,恒山悬空寺云冈石窟,1,2017.09.30
婺源,婺源,1,2017.09.30
永定河露营,永定河露营,1,2017.09.30
贡嘎转山,贡嘎转山,1,2017.09.30
长城,长城,21,2017.12.31
十三陵水库,十三陵水库,3,2017.12.31
怀柔水库,怀柔水库,1,2017.12.31
香山,香山,23,2017.12.31
东方红隧道,东方红隧道,2,2017.12.31
潭柘寺戒台寺,潭柘寺戒台寺,1,2017.12.31
银山塔林,银山塔林,1,2017.12.31
汉石桥湿地,汉石桥湿地,1,2017.12.31
后海,后海,1,2017.12.31
姚广孝墓塔,姚广孝墓塔,1,2017.12.31
妙峰山,妙峰山,3,2017.12.31
白虎涧,白虎涧,1,2017.12.31
百望山,百望山,1,2017.12.31
京西古道,京西古道,7,2017.12.31
未名湖滑冰,未名湖滑冰,2,2017.12.31
中传博物馆,中传博物馆,1,2017.12.31
马云对话周星驰,马云对话周星驰,1,2017.12.31
白河峡谷,白河峡谷,4,2017.12.31
乾坤湾-壶口-西安,乾坤湾-壶口-西安,1,2017.12.31
北京—成都—拉萨,北京—成都—拉萨,1,2017.12.31
百花山,百花山,1,2017.12.31
黄草梁,黄草梁,2,2017.12.31
海坨,海坨,5,2017.12.31
水泉沟,水泉沟,2,2017.12.31
密云水库,密云水库,1,2017.12.31
雾灵山,雾灵山,1,2017.12.31
桃源仙谷,桃源仙谷,1,2017.12.31
燕羽山,燕羽山,1,2017.12.31
喀嚓古道,喀嚓古道,1,2017.12.31
阳台山-凤凰岭,阳台山-凤凰岭,1,2017.12.31
后河峡谷,后河峡谷,1,2017.12.31
梨花沟,梨花沟,1,2017.12.31
长岛,长岛,1,2017.12.31
锡林郭勒,锡林郭勒,1,2017.12.31
灵山,灵山,1,2017.12.31
行百里者剩九十,行百里者剩九十,1,2017.12.31
白石山玻璃栈道,白石山玻璃栈道,1,2017.12.31
青龙峡,青龙峡,1,2017.12.31
泰山,泰山,1,2017.12.31
草原天路,草原天路,1,2017.12.31
龙泉寺,龙泉寺,3,2017.12.31
西北行,西北行,1,2017.12.31
滑雪,滑雪,3,2017.12.31
大五台,大五台,4,2017.12.31
库布齐,库布齐,1,2017.12.31
十渡,十渡,1,2017.12.31
漠河丹东,漠河丹东,1,2017.12.31
玉渡山,玉渡山,1,2017.12.31
盛夏雨夜独行刷二环,盛夏雨夜独行刷二环,1,2017.12.31
善行50,善行50,1,2017.12.31
哈巴雪山,哈巴雪山,1,2017.12.31
恒山悬空寺云冈石窟,恒山悬空寺云冈石窟,1,2017.12.31
婺源,婺源,1,2017.12.31
永定河露营,永定河露营,1,2017.12.31
贡嘎转山,贡嘎转山,1,2017.12.31
长城,长城,21,2018.03.31
十三陵水库,十三陵水库,3,2018.03.31
怀柔水库,怀柔水库,1,2018.03.31
香山,香山,24,2018.03.31
东方红隧道,东方红隧道,2,2018.03.31
潭柘寺戒台寺,潭柘寺戒台寺,1,2018.03.31
银山塔林,银山塔林,1,2018.03.31
汉石桥湿地,汉石桥湿地,1,2018.03.31
后海,后海,1,2018.03.31
姚广孝墓塔,姚广孝墓塔,1,2018.03.31
妙峰山,妙峰山,3,2018.03.31
白虎涧,白虎涧,1,2018.03.31
百望山,百望山,1,2018.03.31
京西古道,京西古道,7,2018.03.31
未名湖滑冰,未名湖滑冰,2,2018.03.31
中传博物馆,中传博物馆,1,2018.03.31
马云对话周星驰,马云对话周星驰,1,2018.03.31
白河峡谷,白河峡谷,4,2018.03.31
乾坤湾-壶口-西安,乾坤湾-壶口-西安,1,2018.03.31
北京—成都—拉萨,北京—成都—拉萨,1,2018.03.31
百花山,百花山,1,2018.03.31
黄草梁,黄草梁,2,2018.03.31
海坨,海坨,5,2018.03.31
水泉沟,水泉沟,2,2018.03.31
密云水库,密云水库,1,2018.03.31
雾灵山,雾灵山,1,2018.03.31
桃源仙谷,桃源仙谷,1,2018.03.31
燕羽山,燕羽山,1,2018.03.31
喀嚓古道,喀嚓古道,1,2018.03.31
阳台山-凤凰岭,阳台山-凤凰岭,1,2018.03.31
后河峡谷,后河峡谷,1,2018.03.31
梨花沟,梨花沟,1,2018.03.31
长岛,长岛,1,2018.03.31
锡林郭勒,锡林郭勒,1,2018.03.31
灵山,灵山,1,2018.03.31
行百里者剩九十,行百里者剩九十,1,2018.03.31
白石山玻璃栈道,白石山玻璃栈道,1,2018.03.31
青龙峡,青龙峡,1,2018.03.31
泰山,泰山,1,2018.03.31
草原天路,草原天路,1,2018.03.31
龙泉寺,龙泉寺,3,2018.03.31
西北行,西北行,1,2018.03.31
滑雪,滑雪,4,2018.03.31
大五台,大五台,4,2018.03.31
库布齐,库布齐,1,2018.03.31
十渡,十渡,1,2018.03.31
漠河丹东,漠河丹东,1,2018.03.31
玉渡山,玉渡山,1,2018.03.31
盛夏雨夜独行刷二环,盛夏雨夜独行刷二环,1,2018.03.31
善行50,善行50,1,2018.03.31
哈巴雪山,哈巴雪山,1,2018.03.31
恒山悬空寺云冈石窟,恒山悬空寺云冈石窟,1,2018.03.31
婺源,婺源,1,2018.03.31
永定河露营,永定河露营,1,2018.03.31
贡嘎转山,贡嘎转山,1,2018.03.31
长城,长城,22,2018.06.30
十三陵水库,十三陵水库,3,2018.06.30
怀柔水库,怀柔水库,1,2018.06.30
香山,香山,26,2018.06.30
东方红隧道,东方红隧道,2,2018.06.30
潭柘寺戒台寺,潭柘寺戒台寺,1,2018.06.30
银山塔林,银山塔林,1,2018.06.30
汉石桥湿地,汉石桥湿地,1,2018.06.30
后海,后海,1,2018.06.30
姚广孝墓塔,姚广孝墓塔,1,2018.06.30
妙峰山,妙峰山,3,2018.06.30
白虎涧,白虎涧,1,2018.06.30
百望山,百望山,1,2018.06.30
京西古道,京西古道,8,2018.06.30
未名湖滑冰,未名湖滑冰,2,2018.06.30
中传博物馆,中传博物馆,1,2018.06.30
马云对话周星驰,马云对话周星驰,1,2018.06.30
白河峡谷,白河峡谷,4,2018.06.30
乾坤湾-壶口-西安,乾坤湾-壶口-西安,1,2018.06.30
北京—成都—拉萨,北京—成都—拉萨,1,2018.06.30
百花山,百花山,1,2018.06.30
黄草梁,黄草梁,2,2018.06.30
海坨,海坨,5,2018.06.30
水泉沟,水泉沟,2,2018.06.30
密云水库,密云水库,1,2018.06.30
雾灵山,雾灵山,1,2018.06.30
桃源仙谷,桃源仙谷,1,2018.06.30
燕羽山,燕羽山,1,2018.06.30
喀嚓古道,喀嚓古道,1,2018.06.30
阳台山-凤凰岭,阳台山-凤凰岭,1,2018.06.30
后河峡谷,后河峡谷,1,2018.06.30
梨花沟,梨花沟,1,2018.06.30
长岛,长岛,1,2018.06.30
锡林郭勒,锡林郭勒,1,2018.06.30
灵山,灵山,1,2018.06.30
行百里者剩九十,行百里者剩九十,1,2018.06.30
白石山玻璃栈道,白石山玻璃栈道,1,2018.06.30
青龙峡,青龙峡,1,2018.06.30
泰山,泰山,1,2018.06.30
草原天路,草原天路,1,2018.06.30
龙泉寺,龙泉寺,3,2018.06.30
西北行,西北行,1,2018.06.30
滑雪,滑雪,4,2018.06.30
大五台,大五台,4,2018.06.30
库布齐,库布齐,1,2018.06.30
十渡,十渡,2,2018.06.30
漠河丹东,漠河丹东,1,2018.06.30
玉渡山,玉渡山,1,2018.06.30
盛夏雨夜独行刷二环,盛夏雨夜独行刷二环,1,2018.06.30
善行50,善行50,1,2018.06.30
哈巴雪山,哈巴雪山,1,2018.06.30
恒山悬空寺云冈石窟,恒山悬空寺云冈石窟,1,2018.06.30
婺源,婺源,1,2018.06.30
永定河露营,永定河露营,1,2018.06.30
贡嘎转山,贡嘎转山,1,2018.06.30
重庆-涪陵-西安,重庆-涪陵-西安,1,2018.06.30
秦皇岛山海关,秦皇岛山海关,1,2018.06.30
长城,长城,24,2018.09.30
十三陵水库,十三陵水库,4,2018.09.30
怀柔水库,怀柔水库,1,2018.09.30
香山,香山,27,2018.09.30
东方红隧道,东方红隧道,2,2018.09.30
潭柘寺戒台寺,潭柘寺戒台寺,1,2018.09.30
银山塔林,银山塔林,1,2018.09.30
汉石桥湿地,汉石桥湿地,1,2018.09.30
后海,后海,1,2018.09.30
姚广孝墓塔,姚广孝墓塔,1,2018.09.30
妙峰山,妙峰山,3,2018.09.30
白虎涧,白虎涧,1,2018.09.30
百望山,百望山,1,2018.09.30
京西古道,京西古道,8,2018.09.30
未名湖滑冰,未名湖滑冰,2,2018.09.30
中传博物馆,中传博物馆,1,2018.09.30
马云对话周星驰,马云对话周星驰,1,2018.09.30
白河峡谷,白河峡谷,4,2018.09.30
乾坤湾-壶口-西安,乾坤湾-壶口-西安,1,2018.09.30
北京—成都—拉萨,北京—成都—拉萨,1,2018.09.30
百花山,百花山,1,2018.09.30
黄草梁,黄草梁,2,2018.09.30
海坨,海坨,5,2018.09.30
水泉沟,水泉沟,2,2018.09.30
密云水库,密云水库,1,2018.09.30
雾灵山,雾灵山,1,2018.09.30
桃源仙谷,桃源仙谷,1,2018.09.30
燕羽山,燕羽山,1,2018.09.30
喀嚓古道,喀嚓古道,1,2018.09.30
阳台山-凤凰岭,阳台山-凤凰岭,1,2018.09.30
后河峡谷,后河峡谷,1,2018.09.30
梨花沟,梨花沟,1,2018.09.30
长岛,长岛,1,2018.09.30
锡林郭勒,锡林郭勒,1,2018.09.30
灵山,灵山,1,2018.09.30
行百里者剩九十,行百里者剩九十,1,2018.09.30
白石山玻璃栈道,白石山玻璃栈道,1,2018.09.30
青龙峡,青龙峡,1,2018.09.30
泰山,泰山,1,2018.09.30
草原天路,草原天路,1,2018.09.30
龙泉寺,龙泉寺,3,2018.09.30
西北行,西北行,1,2018.09.30
滑雪,滑雪,4,2018.09.30
大五台,大五台,4,2018.09.30
库布齐,库布齐,1,2018.09.30
十渡,十渡,2,2018.09.30
漠河丹东,漠河丹东,1,2018.09.30
玉渡山,玉渡山,1,2018.09.30
盛夏雨夜独行刷二环,盛夏雨夜独行刷二环,1,2018.09.30
善行50,善行50,1,2018.09.30
哈巴雪山,哈巴雪山,1,2018.09.30
恒山悬空寺云冈石窟,恒山悬空寺云冈石窟,1,2018.09.30
婺源,婺源,1,2018.09.30
永定河露营,永定河露营,1,2018.09.30
贡嘎转山,贡嘎转山,1,2018.09.30
重庆-涪陵-西安,重庆-涪陵-西安,1,2018.09.30
秦皇岛山海关,秦皇岛山海关,1,2018.09.30
长城,长城,26,2018.12.31
十三陵水库,十三陵水库,4,2018.12.31
怀柔水库,怀柔水库,1,2018.12.31
香山,香山,29,2018.12.31
东方红隧道,东方红隧道,2,2018.12.31
潭柘寺戒台寺,潭柘寺戒台寺,1,2018.12.31
银山塔林,银山塔林,1,2018.12.31
汉石桥湿地,汉石桥湿地,1,2018.12.31
后海,后海,1,2018.12.31
姚广孝墓塔,姚广孝墓塔,1,2018.12.31
妙峰山,妙峰山,3,2018.12.31
白虎涧,白虎涧,1,2018.12.31
百望山,百望山,1,2018.12.31
京西古道,京西古道,8,2018.12.31
未名湖滑冰,未名湖滑冰,2,2018.12.31
中传博物馆,中传博物馆,1,2018.12.31
马云对话周星驰,马云对话周星驰,1,2018.12.31
白河峡谷,白河峡谷,4,2018.12.31
乾坤湾-壶口-西安,乾坤湾-壶口-西安,1,2018.12.31
北京—成都—拉萨,北京—成都—拉萨,1,2018.12.31
百花山,百花山,1,2018.12.31
黄草梁,黄草梁,2,2018.12.31
海坨,海坨,5,2018.12.31
水泉沟,水泉沟,2,2018.12.31
密云水库,密云水库,1,2018.12.31
雾灵山,雾灵山,1,2018.12.31
桃源仙谷,桃源仙谷,1,2018.12.31
燕羽山,燕羽山,1,2018.12.31
喀嚓古道,喀嚓古道,1,2018.12.31
阳台山-凤凰岭,阳台山-凤凰岭,1,2018.12.31
后河峡谷,后河峡谷,1,2018.12.31
梨花沟,梨花沟,1,2018.12.31
长岛,长岛,1,2018.12.31
锡林郭勒,锡林郭勒,1,2018.12.31
灵山,灵山,1,2018.12.31
行百里者剩九十,行百里者剩九十,1,2018.12.31
白石山玻璃栈道,白石山玻璃栈道,1,2018.12.31
青龙峡,青龙峡,1,2018.12.31
泰山,泰山,1,2018.12.31
草原天路,草原天路,1,2018.12.31
龙泉寺,龙泉寺,3,2018.12.31
西北行,西北行,1,2018.12.31
滑雪,滑雪,4,2018.12.31
大五台,大五台,4,2018.12.31
库布齐,库布齐,1,2018.12.31
十渡,十渡,2,2018.12.31
漠河丹东,漠河丹东,1,2018.12.31
玉渡山,玉渡山,1,2018.12.31
盛夏雨夜独行刷二环,盛夏雨夜独行刷二环,1,2018.12.31
善行50,善行50,1,2018.12.31
哈巴雪山,哈巴雪山,1,2018.12.31
恒山悬空寺云冈石窟,恒山悬空寺云冈石窟,1,2018.12.31
婺源,婺源,1,2018.12.31
永定河露营,永定河露营,1,2018.12.31
贡嘎转山,贡嘎转山,1,2018.12.31
重庆-涪陵-西安,重庆-涪陵-西安,1,2018.12.31
秦皇岛山海关,秦皇岛山海关,1,2018.12.31
喇叭沟门,喇叭沟门,1,2018.12.31
长城,长城,27,2019.03.31
十三陵水库,十三陵水库,4,2019.03.31
怀柔水库,怀柔水库,1,2019.03.31
香山,香山,31,2019.03.31
东方红隧道,东方红隧道,3,2019.03.31
潭柘寺戒台寺,潭柘寺戒台寺,1,2019.03.31
银山塔林,银山塔林,1,2019.03.31
汉石桥湿地,汉石桥湿地,1,2019.03.31
后海,后海,1,2019.03.31
姚广孝墓塔,姚广孝墓塔,1,2019.03.31
妙峰山,妙峰山,3,2019.03.31
白虎涧,白虎涧,1,2019.03.31
百望山,百望山,1,2019.03.31
京西古道,京西古道,8,2019.03.31
未名湖滑冰,未名湖滑冰,2,2019.03.31
中传博物馆,中传博物馆,1,2019.03.31
马云对话周星驰,马云对话周星驰,1,2019.03.31
白河峡谷,白河峡谷,4,2019.03.31
乾坤湾-壶口-西安,乾坤湾-壶口-西安,1,2019.03.31
北京—成都—拉萨,北京—成都—拉萨,1,2019.03.31
百花山,百花山,1,2019.03.31
黄草梁,黄草梁,2,2019.03.31
海坨,海坨,5,2019.03.31
水泉沟,水泉沟,2,2019.03.31
密云水库,密云水库,1,2019.03.31
雾灵山,雾灵山,1,2019.03.31
桃源仙谷,桃源仙谷,1,2019.03.31
燕羽山,燕羽山,1,2019.03.31
喀嚓古道,喀嚓古道,1,2019.03.31
阳台山-凤凰岭,阳台山-凤凰岭,1,2019.03.31
后河峡谷,后河峡谷,1,2019.03.31
梨花沟,梨花沟,1,2019.03.31
长岛,长岛,1,2019.03.31
锡林郭勒,锡林郭勒,1,2019.03.31
灵山,灵山,1,2019.03.31
行百里者剩九十,行百里者剩九十,1,2019.03.31
白石山玻璃栈道,白石山玻璃栈道,2,2019.03.31
青龙峡,青龙峡,1,2019.03.31
泰山,泰山,1,2019.03.31
草原天路,草原天路,1,2019.03.31
龙泉寺,龙泉寺,3,2019.03.31
西北行,西北行,1,2019.03.31
滑雪,滑雪,7,2019.03.31
大五台,大五台,4,2019.03.31
库布齐,库布齐,1,2019.03.31
十渡,十渡,2,2019.03.31
漠河丹东,漠河丹东,1,2019.03.31
玉渡山,玉渡山,1,2019.03.31
盛夏雨夜独行刷二环,盛夏雨夜独行刷二环,1,2019.03.31
善行50,善行50,1,2019.03.31
哈巴雪山,哈巴雪山,1,2019.03.31
恒山悬空寺云冈石窟,恒山悬空寺云冈石窟,1,2019.03.31
婺源,婺源,1,2019.03.31
永定河露营,永定河露营,1,2019.03.31
贡嘎转山,贡嘎转山,1,2019.03.31
重庆-涪陵-西安,重庆-涪陵-西安,1,2019.03.31
秦皇岛山海关,秦皇岛山海关,1,2019.03.31
喇叭沟门,喇叭沟门,1,2019.03.31
长城,长城,28,2019.06.30
十三陵水库,十三陵水库,4,2019.06.30
怀柔水库,怀柔水库,1,2019.06.30
香山,香山,31,2019.06.30
东方红隧道,东方红隧道,3,2019.06.30
潭柘寺戒台寺,潭柘寺戒台寺,1,2019.06.30
银山塔林,银山塔林,1,2019.06.30
汉石桥湿地,汉石桥湿地,1,2019.06.30
后海,后海,1,2019.06.30
姚广孝墓塔,姚广孝墓塔,1,2019.06.30
妙峰山,妙峰山,3,2019.06.30
白虎涧,白虎涧,1,2019.06.30
百望山,百望山,1,2019.06.30
京西古道,京西古道,8,2019.06.30
未名湖滑冰,未名湖滑冰,2,2019.06.30
中传博物馆,中传博物馆,1,2019.06.30
马云对话周星驰,马云对话周星驰,1,2019.06.30
白河峡谷,白河峡谷,4,2019.06.30
乾坤湾-壶口-西安,乾坤湾-壶口-西安,1,2019.06.30
北京—成都—拉萨,北京—成都—拉萨,1,2019.06.30
百花山,百花山,1,2019.06.30
黄草梁,黄草梁,2,2019.06.30
海坨,海坨,5,2019.06.30
水泉沟,水泉沟,2,2019.06.30
密云水库,密云水库,1,2019.06.30
雾灵山,雾灵山,1,2019.06.30
桃源仙谷,桃源仙谷,1,2019.06.30
燕羽山,燕羽山,1,2019.06.30
喀嚓古道,喀嚓古道,1,2019.06.30
阳台山-凤凰岭,阳台山-凤凰岭,1,2019.06.30
后河峡谷,后河峡谷,1,2019.06.30
梨花沟,梨花沟,1,2019.06.30
长岛,长岛,1,2019.06.30
锡林郭勒,锡林郭勒,1,2019.06.30
灵山,灵山,1,2019.06.30
行百里者剩九十,行百里者剩九十,1,2019.06.30
白石山玻璃栈道,白石山玻璃栈道,2,2019.06.30
青龙峡,青龙峡,1,2019.06.30
泰山,泰山,1,2019.06.30
草原天路,草原天路,1,2019.06.30
龙泉寺,龙泉寺,3,2019.06.30
西北行,西北行,1,2019.06.30
滑雪,滑雪,7,2019.06.30
大五台,大五台,4,2019.06.30
库布齐,库布齐,1,2019.06.30
十渡,十渡,2,2019.06.30
漠河丹东,漠河丹东,1,2019.06.30
玉渡山,玉渡山,1,2019.06.30
盛夏雨夜独行刷二环,盛夏雨夜独行刷二环,1,2019.06.30
善行50,善行50,1,2019.06.30
哈巴雪山,哈巴雪山,1,2019.06.30
恒山悬空寺云冈石窟,恒山悬空寺云冈石窟,1,2019.06.30
婺源,婺源,1,2019.06.30
永定河露营,永定河露营,1,2019.06.30
贡嘎转山,贡嘎转山,1,2019.06.30
重庆-涪陵-西安,重庆-涪陵-西安,1,2019.06.30
秦皇岛山海关,秦皇岛山海关,1,2019.06.30
喇叭沟门,喇叭沟门,1,2019.06.30
冰山梁扎营,冰山梁扎营,1,2019.06.30
长城,长城,30,2019.09.30
十三陵水库,十三陵水库,4,2019.09.30
怀柔水库,怀柔水库,1,2019.09.30
香山,香山,33,2019.09.30
东方红隧道,东方红隧道,3,2019.09.30
潭柘寺戒台寺,潭柘寺戒台寺,1,2019.09.30
银山塔林,银山塔林,1,2019.09.30
汉石桥湿地,汉石桥湿地,1,2019.09.30
后海,后海,1,2019.09.30
姚广孝墓塔,姚广孝墓塔,1,2019.09.30
妙峰山,妙峰山,3,2019.09.30
白虎涧,白虎涧,1,2019.09.30
百望山,百望山,1,2019.09.30
京西古道,京西古道,8,2019.09.30
未名湖滑冰,未名湖滑冰,2,2019.09.30
中传博物馆,中传博物馆,1,2019.09.30
马云对话周星驰,马云对话周星驰,1,2019.09.30
白河峡谷,白河峡谷,4,2019.09.30
乾坤湾-壶口-西安,乾坤湾-壶口-西安,1,2019.09.30
北京—成都—拉萨,北京—成都—拉萨,1,2019.09.30
百花山,百花山,1,2019.09.30
黄草梁,黄草梁,3,2019.09.30
海坨,海坨,5,2019.09.30
水泉沟,水泉沟,2,2019.09.30
密云水库,密云水库,1,2019.09.30
雾灵山,雾灵山,1,2019.09.30
桃源仙谷,桃源仙谷,1,2019.09.30
燕羽山,燕羽山,1,2019.09.30
喀嚓古道,喀嚓古道,1,2019.09.30
阳台山-凤凰岭,阳台山-凤凰岭,1,2019.09.30
后河峡谷,后河峡谷,1,2019.09.30
梨花沟,梨花沟,1,2019.09.30
长岛,长岛,1,2019.09.30
锡林郭勒,锡林郭勒,1,2019.09.30
灵山,灵山,1,2019.09.30
行百里者剩九十,行百里者剩九十,1,2019.09.30
白石山玻璃栈道,白石山玻璃栈道,2,2019.09.30
青龙峡,青龙峡,1,2019.09.30
泰山,泰山,1,2019.09.30
草原天路,草原天路,1,2019.09.30
龙泉寺,龙泉寺,3,2019.09.30
西北行,西北行,1,2019.09.30
滑雪,滑雪,7,2019.09.30
大五台,大五台,4,2019.09.30
库布齐,库布齐,1,2019.09.30
十渡,十渡,2,2019.09.30
漠河丹东,漠河丹东,1,2019.09.30
玉渡山,玉渡山,1,2019.09.30
盛夏雨夜独行刷二环,盛夏雨夜独行刷二环,1,2019.09.30
善行50,善行50,1,2019.09.30
哈巴雪山,哈巴雪山,1,2019.09.30
恒山悬空寺云冈石窟,恒山悬空寺云冈石窟,1,2019.09.30
婺源,婺源,1,2019.09.30
永定河露营,永定河露营,1,2019.09.30
贡嘎转山,贡嘎转山,1,2019.09.30
重庆-涪陵-西安,重庆-涪陵-西安,1,2019.09.30
秦皇岛山海关,秦皇岛山海关,1,2019.09.30
喇叭沟门,喇叭沟门,1,2019.09.30
冰山梁扎营,冰山梁扎营,1,2019.09.30
法海寺~八大处,法海寺~八大处,1,2019.09.30
月坨岛,月坨岛,1,2019.09.30
“与天久长”特展,“与天久长”特展,1,2019.09.30
长城,长城,31,2019.12.31
十三陵水库,十三陵水库,4,2019.12.31
怀柔水库,怀柔水库,1,2019.12.31
香山,香山,33,2019.12.31
东方红隧道,东方红隧道,3,2019.12.31
潭柘寺戒台寺,潭柘寺戒台寺,1,2019.12.31
银山塔林,银山塔林,1,2019.12.31
汉石桥湿地,汉石桥湿地,1,2019.12.31
后海,后海,1,2019.12.31
姚广孝墓塔,姚广孝墓塔,1,2019.12.31
妙峰山,妙峰山,3,2019.12.31
白虎涧,白虎涧,1,2019.12.31
百望山,百望山,1,2019.12.31
京西古道,京西古道,8,2019.12.31
未名湖滑冰,未名湖滑冰,2,2019.12.31
中传博物馆,中传博物馆,1,2019.12.31
马云对话周星驰,马云对话周星驰,1,2019.12.31
白河峡谷,白河峡谷,4,2019.12.31
乾坤湾-壶口-西安,乾坤湾-壶口-西安,1,2019.12.31
北京—成都—拉萨,北京—成都—拉萨,1,2019.12.31
百花山,百花山,1,2019.12.31
黄草梁,黄草梁,3,2019.12.31
海坨,海坨,5,2019.12.31
水泉沟,水泉沟,2,2019.12.31
密云水库,密云水库,1,2019.12.31
雾灵山,雾灵山,1,2019.12.31
桃源仙谷,桃源仙谷,1,2019.12.31
燕羽山,燕羽山,1,2019.12.31
喀嚓古道,喀嚓古道,1,2019.12.31
阳台山-凤凰岭,阳台山-凤凰岭,1,2019.12.31
后河峡谷,后河峡谷,1,2019.12.31
梨花沟,梨花沟,1,2019.12.31
长岛,长岛,1,2019.12.31
锡林郭勒,锡林郭勒,1,2019.12.31
灵山,灵山,1,2019.12.31
行百里者剩九十,行百里者剩九十,1,2019.12.31
白石山玻璃栈道,白石山玻璃栈道,2,2019.12.31
青龙峡,青龙峡,1,2019.12.31
泰山,泰山,1,2019.12.31
草原天路,草原天路,1,2019.12.31
龙泉寺,龙泉寺,3,2019.12.31
西北行,西北行,1,2019.12.31
滑雪,滑雪,7,2019.12.31
大五台,大五台,4,2019.12.31
库布齐,库布齐,1,2019.12.31
十渡,十渡,2,2019.12.31
漠河丹东,漠河丹东,1,2019.12.31
玉渡山,玉渡山,1,2019.12.31
盛夏雨夜独行刷二环,盛夏雨夜独行刷二环,1,2019.12.31
善行50,善行50,1,2019.12.31
哈巴雪山,哈巴雪山,1,2019.12.31
恒山悬空寺云冈石窟,恒山悬空寺云冈石窟,1,2019.12.31
婺源,婺源,1,2019.12.31
永定河露营,永定河露营,1,2019.12.31
贡嘎转山,贡嘎转山,1,2019.12.31
重庆-涪陵-西安,重庆-涪陵-西安,1,2019.12.31
秦皇岛山海关,秦皇岛山海关,1,2019.12.31
喇叭沟门,喇叭沟门,2,2019.12.31
冰山梁扎营,冰山梁扎营,1,2019.12.31
法海寺~八大处,法海寺~八大处,1,2019.12.31
月坨岛,月坨岛,1,2019.12.31
“与天久长”特展,“与天久长”特展,1,2019.12.31
 龙泉寺, 龙泉寺,1,2019.12.31
长城,长城,32,2020.03.31
十三陵水库,十三陵水库,4,2020.03.31
怀柔水库,怀柔水库,1,2020.03.31
香山,香山,34,2020.03.31
东方红隧道,东方红隧道,3,2020.03.31
潭柘寺戒台寺,潭柘寺戒台寺,1,2020.03.31
银山塔林,银山塔林,1,2020.03.31
汉石桥湿地,汉石桥湿地,1,2020.03.31
后海,后海,1,2020.03.31
姚广孝墓塔,姚广孝墓塔,1,2020.03.31
妙峰山,妙峰山,3,2020.03.31
白虎涧,白虎涧,1,2020.03.31
百望山,百望山,1,2020.03.31
京西古道,京西古道,8,2020.03.31
未名湖滑冰,未名湖滑冰,2,2020.03.31
中传博物馆,中传博物馆,1,2020.03.31
马云对话周星驰,马云对话周星驰,1,2020.03.31
白河峡谷,白河峡谷,4,2020.03.31
乾坤湾-壶口-西安,乾坤湾-壶口-西安,1,2020.03.31
北京—成都—拉萨,北京—成都—拉萨,1,2020.03.31
百花山,百花山,1,2020.03.31
黄草梁,黄草梁,3,2020.03.31
海坨,海坨,5,2020.03.31
水泉沟,水泉沟,2,2020.03.31
密云水库,密云水库,1,2020.03.31
雾灵山,雾灵山,1,2020.03.31
桃源仙谷,桃源仙谷,1,2020.03.31
燕羽山,燕羽山,1,2020.03.31
喀嚓古道,喀嚓古道,1,2020.03.31
阳台山-凤凰岭,阳台山-凤凰岭,1,2020.03.31
后河峡谷,后河峡谷,1,2020.03.31
梨花沟,梨花沟,1,2020.03.31
长岛,长岛,1,2020.03.31
锡林郭勒,锡林郭勒,1,2020.03.31
灵山,灵山,1,2020.03.31
行百里者剩九十,行百里者剩九十,1,2020.03.31
白石山玻璃栈道,白石山玻璃栈道,2,2020.03.31
青龙峡,青龙峡,1,2020.03.31
泰山,泰山,1,2020.03.31
草原天路,草原天路,1,2020.03.31
龙泉寺,龙泉寺,3,2020.03.31
西北行,西北行,1,2020.03.31
滑雪,滑雪,7,2020.03.31
大五台,大五台,4,2020.03.31
库布齐,库布齐,1,2020.03.31
十渡,十渡,2,2020.03.31
漠河丹东,漠河丹东,1,2020.03.31
玉渡山,玉渡山,1,2020.03.31
盛夏雨夜独行刷二环,盛夏雨夜独行刷二环,1,2020.03.31
善行50,善行50,1,2020.03.31
哈巴雪山,哈巴雪山,1,2020.03.31
恒山悬空寺云冈石窟,恒山悬空寺云冈石窟,1,2020.03.31
婺源,婺源,1,2020.03.31
永定河露营,永定河露营,1,2020.03.31
贡嘎转山,贡嘎转山,1,2020.03.31
重庆-涪陵-西安,重庆-涪陵-西安,1,2020.03.31
秦皇岛山海关,秦皇岛山海关,1,2020.03.31
喇叭沟门,喇叭沟门,2,2020.03.31
冰山梁扎营,冰山梁扎营,1,2020.03.31
法海寺~八大处,法海寺~八大处,1,2020.03.31
月坨岛,月坨岛,1,2020.03.31
“与天久长”特展,“与天久长”特展,1,2020.03.31
 龙泉寺, 龙泉寺,1,2020.03.31
长城,长城,32,2020.06.30
十三陵水库,十三陵水库,4,2020.06.30
怀柔水库,怀柔水库,1,2020.06.30
香山,香山,35,2020.06.30
东方红隧道,东方红隧道,3,2020.06.30
潭柘寺戒台寺,潭柘寺戒台寺,1,2020.06.30
银山塔林,银山塔林,1,2020.06.30
汉石桥湿地,汉石桥湿地,1,2020.06.30
后海,后海,1,2020.06.30
姚广孝墓塔,姚广孝墓塔,1,2020.06.30
妙峰山,妙峰山,3,2020.06.30
白虎涧,白虎涧,1,2020.06.30
百望山,百望山,1,2020.06.30
京西古道,京西古道,8,2020.06.30
未名湖滑冰,未名湖滑冰,2,2020.06.30
中传博物馆,中传博物馆,1,2020.06.30
马云对话周星驰,马云对话周星驰,1,2020.06.30
白河峡谷,白河峡谷,4,2020.06.30
乾坤湾-壶口-西安,乾坤湾-壶口-西安,1,2020.06.30
北京—成都—拉萨,北京—成都—拉萨,1,2020.06.30
百花山,百花山,1,2020.06.30
黄草梁,黄草梁,3,2020.06.30
海坨,海坨,5,2020.06.30
水泉沟,水泉沟,2,2020.06.30
密云水库,密云水库,1,2020.06.30
雾灵山,雾灵山,1,2020.06.30
桃源仙谷,桃源仙谷,1,2020.06.30
燕羽山,燕羽山,1,2020.06.30
喀嚓古道,喀嚓古道,1,2020.06.30
阳台山-凤凰岭,阳台山-凤凰岭,1,2020.06.30
后河峡谷,后河峡谷,1,2020.06.30
梨花沟,梨花沟,1,2020.06.30
长岛,长岛,1,2020.06.30
锡林郭勒,锡林郭勒,1,2020.06.30
灵山,灵山,1,2020.06.30
行百里者剩九十,行百里者剩九十,1,2020.06.30
白石山玻璃栈道,白石山玻璃栈道,2,2020.06.30
青龙峡,青龙峡,1,2020.06.30
泰山,泰山,1,2020.06.30
草原天路,草原天路,1,2020.06.30
龙泉寺,龙泉寺,3,2020.06.30
西北行,西北行,1,2020.06.30
滑雪,滑雪,7,2020.06.30
大五台,大五台,4,2020.06.30
库布齐,库布齐,1,2020.06.30
十渡,十渡,2,2020.06.30
漠河丹东,漠河丹东,1,2020.06.30
玉渡山,玉渡山,1,2020.06.30
盛夏雨夜独行刷二环,盛夏雨夜独行刷二环,1,2020.06.30
善行50,善行50,1,2020.06.30
哈巴雪山,哈巴雪山,1,2020.06.30
恒山悬空寺云冈石窟,恒山悬空寺云冈石窟,1,2020.06.30
婺源,婺源,1,2020.06.30
永定河露营,永定河露营,1,2020.06.30
贡嘎转山,贡嘎转山,1,2020.06.30
重庆-涪陵-西安,重庆-涪陵-西安,1,2020.06.30
秦皇岛山海关,秦皇岛山海关,1,2020.06.30
喇叭沟门,喇叭沟门,2,2020.06.30
冰山梁扎营,冰山梁扎营,1,2020.06.30
法海寺~八大处,法海寺~八大处,1,2020.06.30
月坨岛,月坨岛,1,2020.06.30
“与天久长”特展,“与天久长”特展,1,2020.06.30
 龙泉寺, 龙泉寺,1,2020.06.30
大觉寺,大觉寺,1,2020.06.30
奥森,奥森,2,2020.06.30
长城,长城,33,2020.09.30
十三陵水库,十三陵水库,4,2020.09.30
怀柔水库,怀柔水库,1,2020.09.30
香山,香山,35,2020.09.30
东方红隧道,东方红隧道,3,2020.09.30
潭柘寺戒台寺,潭柘寺戒台寺,1,2020.09.30
银山塔林,银山塔林,1,2020.09.30
汉石桥湿地,汉石桥湿地,1,2020.09.30
后海,后海,1,2020.09.30
姚广孝墓塔,姚广孝墓塔,1,2020.09.30
妙峰山,妙峰山,3,2020.09.30
白虎涧,白虎涧,1,2020.09.30
百望山,百望山,1,2020.09.30
京西古道,京西古道,8,2020.09.30
未名湖滑冰,未名湖滑冰,2,2020.09.30
中传博物馆,中传博物馆,1,2020.09.30
马云对话周星驰,马云对话周星驰,1,2020.09.30
白河峡谷,白河峡谷,4,2020.09.30
乾坤湾-壶口-西安,乾坤湾-壶口-西安,1,2020.09.30
北京—成都—拉萨,北京—成都—拉萨,1,2020.09.30
百花山,百花山,1,2020.09.30
黄草梁,黄草梁,3,2020.09.30
海坨,海坨,5,2020.09.30
水泉沟,水泉沟,2,2020.09.30
密云水库,密云水库,1,2020.09.30
雾灵山,雾灵山,1,2020.09.30
桃源仙谷,桃源仙谷,1,2020.09.30
燕羽山,燕羽山,1,2020.09.30
喀嚓古道,喀嚓古道,1,2020.09.30
阳台山-凤凰岭,阳台山-凤凰岭,1,2020.09.30
后河峡谷,后河峡谷,1,2020.09.30
梨花沟,梨花沟,1,2020.09.30
长岛,长岛,1,2020.09.30
锡林郭勒,锡林郭勒,1,2020.09.30
灵山,灵山,1,2020.09.30
行百里者剩九十,行百里者剩九十,1,2020.09.30
白石山玻璃栈道,白石山玻璃栈道,2,2020.09.30
青龙峡,青龙峡,1,2020.09.30
泰山,泰山,1,2020.09.30
草原天路,草原天路,1,2020.09.30
龙泉寺,龙泉寺,3,2020.09.30
西北行,西北行,1,2020.09.30
滑雪,滑雪,7,2020.09.30
大五台,大五台,4,2020.09.30
库布齐,库布齐,1,2020.09.30
十渡,十渡,2,2020.09.30
漠河丹东,漠河丹东,1,2020.09.30
玉渡山,玉渡山,1,2020.09.30
盛夏雨夜独行刷二环,盛夏雨夜独行刷二环,1,2020.09.30
善行50,善行50,1,2020.09.30
哈巴雪山,哈巴雪山,1,2020.09.30
恒山悬空寺云冈石窟,恒山悬空寺云冈石窟,1,2020.09.30
婺源,婺源,1,2020.09.30
永定河露营,永定河露营,1,2020.09.30
贡嘎转山,贡嘎转山,1,2020.09.30
重庆-涪陵-西安,重庆-涪陵-西安,1,2020.09.30
秦皇岛山海关,秦皇岛山海关,1,2020.09.30
喇叭沟门,喇叭沟门,2,2020.09.30
冰山梁扎营,冰山梁扎营,1,2020.09.30
法海寺~八大处,法海寺~八大处,1,2020.09.30
月坨岛,月坨岛,1,2020.09.30
“与天久长”特展,“与天久长”特展,1,2020.09.30
 龙泉寺, 龙泉寺,1,2020.09.30
大觉寺,大觉寺,1,2020.09.30
奥森,奥森,2,2020.09.30
长城,长城,35,2020.12.31
十三陵水库,十三陵水库,4,2020.12.31
怀柔水库,怀柔水库,1,2020.12.31
香山,香山,38,2020.12.31
东方红隧道,东方红隧道,3,2020.12.31
潭柘寺戒台寺,潭柘寺戒台寺,1,2020.12.31
银山塔林,银山塔林,1,2020.12.31
汉石桥湿地,汉石桥湿地,1,2020.12.31
后海,后海,1,2020.12.31
姚广孝墓塔,姚广孝墓塔,1,2020.12.31
妙峰山,妙峰山,3,2020.12.31
白虎涧,白虎涧,1,2020.12.31
百望山,百望山,1,2020.12.31
京西古道,京西古道,8,2020.12.31
未名湖滑冰,未名湖滑冰,2,2020.12.31
中传博物馆,中传博物馆,1,2020.12.31
马云对话周星驰,马云对话周星驰,1,2020.12.31
白河峡谷,白河峡谷,4,2020.12.31
乾坤湾-壶口-西安,乾坤湾-壶口-西安,1,2020.12.31
北京—成都—拉萨,北京—成都—拉萨,1,2020.12.31
百花山,百花山,1,2020.12.31
黄草梁,黄草梁,3,2020.12.31
海坨,海坨,5,2020.12.31
水泉沟,水泉沟,2,2020.12.31
密云水库,密云水库,1,2020.12.31
雾灵山,雾灵山,1,2020.12.31
桃源仙谷,桃源仙谷,1,2020.12.31
燕羽山,燕羽山,1,2020.12.31
喀嚓古道,喀嚓古道,1,2020.12.31
阳台山-凤凰岭,阳台山-凤凰岭,1,2020.12.31
后河峡谷,后河峡谷,1,2020.12.31
梨花沟,梨花沟,1,2020.12.31
长岛,长岛,1,2020.12.31
锡林郭勒,锡林郭勒,1,2020.12.31
灵山,灵山,1,2020.12.31
行百里者剩九十,行百里者剩九十,1,2020.12.31
白石山玻璃栈道,白石山玻璃栈道,2,2020.12.31
青龙峡,青龙峡,1,2020.12.31
泰山,泰山,1,2020.12.31
草原天路,草原天路,1,2020.12.31
龙泉寺,龙泉寺,3,2020.12.31
西北行,西北行,1,2020.12.31
滑雪,滑雪,7,2020.12.31
大五台,大五台,4,2020.12.31
库布齐,库布齐,1,2020.12.31
十渡,十渡,2,2020.12.31
漠河丹东,漠河丹东,1,2020.12.31
玉渡山,玉渡山,1,2020.12.31
盛夏雨夜独行刷二环,盛夏雨夜独行刷二环,1,2020.12.31
善行50,善行50,1,2020.12.31
哈巴雪山,哈巴雪山,1,2020.12.31
恒山悬空寺云冈石窟,恒山悬空寺云冈石窟,1,2020.12.31
婺源,婺源,1,2020.12.31
永定河露营,永定河露营,1,2020.12.31
贡嘎转山,贡嘎转山,1,2020.12.31
重庆-涪陵-西安,重庆-涪陵-西安,1,2020.12.31
秦皇岛山海关,秦皇岛山海关,1,2020.12.31
喇叭沟门,喇叭沟门,2,2020.12.31
冰山梁扎营,冰山梁扎营,1,2020.12.31
法海寺~八大处,法海寺~八大处,1,2020.12.31
月坨岛,月坨岛,1,2020.12.31
“与天久长”特展,“与天久长”特展,1,2020.12.31
 龙泉寺, 龙泉寺,1,2020.12.31
大觉寺,大觉寺,1,2020.12.31
奥森,奥森,3,2020.12.31
长城,长城,35,2021.01.01
十三陵水库,十三陵水库,4,2021.01.01
怀柔水库,怀柔水库,1,2021.01.01
香山,香山,38,2021.01.01
东方红隧道,东方红隧道,3,2021.01.01
潭柘寺戒台寺,潭柘寺戒台寺,1,2021.01.01
银山塔林,银山塔林,1,2021.01.01
汉石桥湿地,汉石桥湿地,1,2021.01.01
后海,后海,1,2021.01.01
姚广孝墓塔,姚广孝墓塔,1,2021.01.01
妙峰山,妙峰山,3,2021.01.01
白虎涧,白虎涧,1,2021.01.01
百望山,百望山,1,2021.01.01
京西古道,京西古道,8,2021.01.01
未名湖滑冰,未名湖滑冰,2,2021.01.01
中传博物馆,中传博物馆,1,2021.01.01
马云对话周星驰,马云对话周星驰,1,2021.01.01
白河峡谷,白河峡谷,4,2021.01.01
乾坤湾-壶口-西安,乾坤湾-壶口-西安,1,2021.01.01
北京—成都—拉萨,北京—成都—拉萨,1,2021.01.01
百花山,百花山,1,2021.01.01
黄草梁,黄草梁,3,2021.01.01
海坨,海坨,5,2021.01.01
水泉沟,水泉沟,2,2021.01.01
密云水库,密云水库,1,2021.01.01
雾灵山,雾灵山,1,2021.01.01
桃源仙谷,桃源仙谷,1,2021.01.01
燕羽山,燕羽山,1,2021.01.01
喀嚓古道,喀嚓古道,1,2021.01.01
阳台山-凤凰岭,阳台山-凤凰岭,1,2021.01.01
后河峡谷,后河峡谷,1,2021.01.01
梨花沟,梨花沟,1,2021.01.01
长岛,长岛,1,2021.01.01
锡林郭勒,锡林郭勒,1,2021.01.01
灵山,灵山,1,2021.01.01
行百里者剩九十,行百里者剩九十,1,2021.01.01
白石山玻璃栈道,白石山玻璃栈道,2,2021.01.01
青龙峡,青龙峡,1,2021.01.01
泰山,泰山,1,2021.01.01
草原天路,草原天路,1,2021.01.01
龙泉寺,龙泉寺,3,2021.01.01
西北行,西北行,1,2021.01.01
滑雪,滑雪,7,2021.01.01
大五台,大五台,4,2021.01.01
库布齐,库布齐,1,2021.01.01
十渡,十渡,2,2021.01.01
漠河丹东,漠河丹东,1,2021.01.01
玉渡山,玉渡山,1,2021.01.01
盛夏雨夜独行刷二环,盛夏雨夜独行刷二环,1,2021.01.01
善行50,善行50,1,2021.01.01
哈巴雪山,哈巴雪山,1,2021.01.01
恒山悬空寺云冈石窟,恒山悬空寺云冈石窟,1,2021.01.01
婺源,婺源,1,2021.01.01
永定河露营,永定河露营,1,2021.01.01
贡嘎转山,贡嘎转山,1,2021.01.01
重庆-涪陵-西安,重庆-涪陵-西安,1,2021.01.01
秦皇岛山海关,秦皇岛山海关,1,2021.01.01
喇叭沟门,喇叭沟门,2,2021.01.01
冰山梁扎营,冰山梁扎营,1,2021.01.01
法海寺~八大处,法海寺~八大处,1,2021.01.01
月坨岛,月坨岛,1,2021.01.01
“与天久长”特展,“与天久长”特展,1,2021.01.01
 龙泉寺, 龙泉寺,1,2021.01.01
大觉寺,大觉寺,1,2021.01.01
奥森,奥森,3,2021.01.01
元旦鬼笑石日出,元旦鬼笑石日出,1,2021.01.01
